/	
/	জাতীয় শিক্ষাক্রম ও পাঠ্যপুস্তক বোর্ড (এনসিটিবি)
/pages/annual-reports	পরিবীক্ষণ ও মূল্যায়ন/ ত্রৈমাসিক প্রতিবেদন/ বার্ষিক প্রতিবেদন/ সভা/প্রশিক্ষণ
/pages/annual-reports	বিভিন্ন প্রতিবেদন
/pages/files/6922d9d5933eb65569e00751	আইন/বিধি/নীতিমালা/পরিপত্র/নির্দেশিকা/প্রজ্ঞাপন
/pages/files/6922d9f6933eb65569e015ea	প্রাথমিক ২০১১
/pages/files/6922da05933eb65569e01e28	প্রাক প্রাথমিক ২০১১
/pages/files/6922da22933eb65569e02aab	প্রবিধানমালা
/pages/files/6922da95933eb65569e05824	সাংগঠনিক কাঠামো
/pages/files/6922db5b933eb65569e09a2c	মাধ্যমিক
/pages/files/6922dbc6933eb65569e0c702	উচ্চ মাধ্যমিক
/pages/files/6922dbd3933eb65569e0cd02	প্রাথমিক শিক্ষাক্রম মূল্যায়ন
/pages/go-ultimates	অনাপত্তি পত্র (NOC)
/pages/go-ultimates	এনওসি ও বিদেশ ভ্রমন
/pages/go-ultimates	বহিঃবাংলাদেশ ছুটি
/pages/go-ultimates	বিদেশ ভ্রমন
/pages/go-ultimates?filters=%7B%22order%22%3A%20%226922d29c81fc96cef9e995e1%22%7D	প্রশিক্ষণ/কর্মশালা
/pages/go-ultimates?filters=%7B%22order%22%3A%20%226922d29e81fc96cef9e9970d%22%7D	কমিটি/উপকমিটি গঠন
/pages/go-ultimates?filters=%7B%22order%22%3A%20%226922d29e81fc96cef9e9972f%22%7D	আইন/বিধি/নীতিমালা/পরিপত্র
/pages/jobs	চাকুরি বিজ্ঞপ্তি
/pages/laws	আইন
/pages/laws	আইন ও বিধি
/pages/laws	নীতিমালা
/pages/news	প্রেস রিলিজ/খবর
/pages/notices?archived=true	আর্কাইভ নোটিশ
/pages/officers	কর্মকর্তাবৃন্দ
/pages/officers?filters=%7B%22officer_category%22%3A%20%226922d2bd81fc96cef9e9a38a%22%7D	কর্মকর্তাবৃন্দ
/pages/organograms/6922d921933eb65569dfcead	অর্গানোগ্রাম
/pages/policies	ঋণদান নীতিমালা ২০২০
/pages/publications	নীতিমালা ও নোটিশ
/pages/publications	পাঠ্যপুস্তক
/pages/reports	বার্ষিক কর্মসম্পাদন চুক্তিসমূহ
/pages/reports?filters=%7B%22reports_type%22%3A%20%226922d2a781fc96cef9e99b31%22%7D	প্রতিবেদন/অফিস আদেশ
/pages/reports?filters=%7B%22reports_type%22%3A%20%226922d2a781fc96cef9e99b31%22%7D	বাজেট
/pages/reports?filters=%7B%22reports_type%22%3A%20%226922d2a781fc96cef9e99b31%22%7D	বাজেট বাস্তবায়ন কর্মপরিকল্পনা
/pages/static-pages/6922db65933eb65569e09ead	২০১৯ শিক্ষাবর্ষের সকল স্তরের পাঠ্যপুস্তক
/pages/static-pages/6922db84933eb65569e0a912	এপিএ নির্দেশিকা/পরিপত্র/এপিএ টিম
/pages/static-pages/6922dba5933eb65569e0b892	প্রাথমিক শিক্ষাক্রম মূল্যায়ন
/pages/static-pages/6922dbc9933eb65569e0c85a	২০২১ শিক্ষাবর্ষের সকল স্তরের পাঠ্যপুস্তক
/pages/static-pages/6922dc46933eb65569e0f6b6	স্থাবর অস্থাবর সম্পত্তির তালিকা
/pages/static-pages/6922dc50933eb65569e0fa9f	২০১৭ শিক্ষাবর্ষের সকল স্তরের পাঠ্যপুস্তকের তালিকা
/pages/static-pages/6922dcb2933eb65569e1196c	ষষ্ঠ শ্রেণি
/pages/static-pages/6922dcd3933eb65569e12431	সপ্তম শ্রেণি
/pages/static-pages/6922dce3933eb65569e12943	২০২২ শিক্ষাবর্ষের সকল স্তরের পাঠ্যপুস্তক
/pages/static-pages/6922dcf3933eb65569e12e58	প্রাথমিক স্তরের মূল্যায়ন নির্দেশিকা
/pages/static-pages/6922dd0b933eb65569e13492	প্রাক-প্রাথমিক ও প্রাথমিক স্তর (পরিমার্জিত ২০২৫)
/pages/static-pages/6922dd35933eb65569e13f12	২০২৩ শিক্ষাবর্ষের সকল স্তরের পাঠ্যপুস্তক
/pages/static-pages/6922dd6c933eb65569e14fcc	সিটিজেন চার্টার
/pages/static-pages/6922dd6c933eb65569e14fcc	সেবা প্রদান প্রতিশ্রুতি
/pages/static-pages/6922dd7f933eb65569e15431	২০২০ শিক্ষাবর্ষের সকল স্তরের পাঠ্যপুস্তক
/pages/static-pages/6922dda1933eb65569e15b1d	জেএসসি পরীক্ষার মান বন্টন ও নমুনা প্রশ্ন
/pages/static-pages/6922ddf7933eb65569e175ae	ডিজিটাল স্বাক্ষর
/pages/static-pages/6922ddfc933eb65569e1775c	স্বপ্রণোদিতভাবে প্রকাশযোগ্য তথ্য/ বার্ষিক প্রতিবেদন/ত্রৈমাসিক প্রতিবেদন
/pages/static-pages/6922de0c933eb65569e17d88	শুদ্ধাচার কমিটি ও পুরস্কার
/pages/static-pages/6922de1d933eb65569e185c0	তৃতীয় শ্রেণি
/pages/static-pages/6922de33933eb65569e18f7c	আইডিটি ষষ্ঠ শ্রেণি
/pages/static-pages/6922de68933eb65569e1a70c	২০২৪ শিক্ষাবর্ষের সকল স্তরের পাঠ্যপুস্তক
/pages/static-pages/6922de6d933eb65569e1a907	২০২৩ শিক্ষাবর্ষের শিক্ষক ডায়েরি
/pages/static-pages/6922de84933eb65569e1b39f	গুরুত্বপূর্ণ ডকুমেন্টসমূহ
/pages/static-pages/6922de8f933eb65569e1b977	English for Today Listening Text
/pages/static-pages/6922de8f933eb65569e1b98b	১ম শ্রেণি
/pages/static-pages/6922de91933eb65569e1ba7a	উদ্ভাবনী
/pages/static-pages/6922dee4933eb65569e1e2b6	শিখন ঘাটতি চিহ্নিতকরণ ও নিরাময়যোগ্য পাঠ পরিকল্পনা
/pages/static-pages/6922def2933eb65569e1ea1c	উদ্ভাবনী পুরস্কার
/pages/static-pages/6922df0b933eb65569e1f705	ত্রৈমাসিক/বার্ষিক পরিবীক্ষণ/মূল্যায়ন প্রতিবেদন ও বিভিন্ন সভা
/pages/static-pages/6922df2c933eb65569e20586	২০২৫ শিক্ষাবর্ষের সকল স্তরের পাঠ্যপুস্তক
/pages/static-pages/6922df35933eb65569e20953	অভিযোগ দাখিল (অভিযোগ প্রতিকার ব্যবস্থাপনা কমিটি ও প্রতিবেদনআবেদন)
/pages/static-pages/6922df54933eb65569e213f7	প্রতিষ্ঠানের লক্ষ্য ও উদ্দেশ্য
/pages/static-pages/6922df5e933eb65569e21861	আবেদন ও আপিল ফরম
/pages/static-pages/6922df64933eb65569e21ab2	কর্মপরিকল্পনা ও প্রতিবেদন
/pages/static-pages/6922df78933eb65569e22328	২০২৩ শিক্ষাবর্ষের ব্রেইল এর সকল শ্রেণির মাল্টিমিডিয়া টকিং বুক
/pages/static-pages/6922df78933eb65569e22328	মাল্টিমিডিয়া টকিং বুক
/pages/static-pages/6922dfc9933eb65569e23fcb	২০১৮ শিক্ষাবর্ষের সকল স্তরের পাঠ্যপুস্তকের তালিকা
/pages/static-pages/6922dfd2933eb65569e2429b	কার্যাবলী
/pages/static-pages/6922dfd9933eb65569e244f5	বার্ষিক ক্রয় পরিকল্পনা
/pages/static-pages/6922dfe0933eb65569e2473b	তথ্যের ক্যাটাগরি,ক্যাটালগ/আইন/বিধি
/pages/static-pages/6922dff5933eb65569e24d31	এসএসসি ও এইচএসসি পরীক্ষার পুনর্বিন্যাসকৃত পাঠ্যসূচি
/pages/static-pages/6922dff5933eb65569e24d31	বিভিন্ন পরীক্ষার পুনর্বিন্যাসকৃত পাঠ্যসূচি ও নবম দশম শ্রেণির বিভিন্ন বিষয়ের প্রশ্নের ধরন
/pages/static-pages/6922dffa933eb65569e24e81	উদ্ভাবন কমিটি
/pages/static-pages/6922dffd933eb65569e24f40	ভিশন ও মিশন
/pages/static-pages/6922e00e933eb65569e253c7	সম্পূরক পঠনসামগ্রী প্রণয়ন ও নির্বাচন নীতিমালা
/pages/static-pages/6922e03f933eb65569e26306	কর্মপরিকল্পনা ও ত্রৈমাসিক প্রতিবেদন
/pages/static-pages/6922e04d933eb65569e26653	পঞ্চম শ্রেণি
/pages/static-pages/6922e06b933eb65569e26f64	২০২৪ শিক্ষাবর্ষের বার্ষিক সামষ্টিক মূল্যায়ন নির্দেশনা
/pages/static-pages/6922e072933eb65569e2718c	ইতিহাস ও কার্যাবলী
/pages/static-pages/6922e07b933eb65569e2744c	কমিটি/ দায়িত্বপ্রাপ্ত কর্মকর্তা ও আপীল কর্তৃপক্ষ
/pages/static-pages/6922e097933eb65569e27ba4	দ্বিতীয় শ্রেণি
/pages/static-pages/6922e09d933eb65569e27d8c	ইতিহাস
/pages/static-pages/6922e0cf933eb65569e28a8d	চতুর্থ শ্রেণি
/pages/static-pages/6922e0d7933eb65569e28cf0	২০২৪ শিক্ষাবর্ষের শিক্ষক সহায়িকা
/pages/static-pages/6922e0d7933eb65569e28cf0	শিক্ষক সহায়িকা
/pages/static-pages/6922e109933eb65569e29c11	উদ্ভাবনী প্রকল্পসমূহ
/pages/static-pages/6922e133933eb65569e2ad74	অনিক ও আপিল কর্মকর্তাগণ
/pages/static-pages/6922e136933eb65569e2ae72	সিটিজেন চার্টার কমিটি
/pages/static-pages/6922e144933eb65569e2b330	প্রথম শ্রেণি
/pages/static-pages/695b97ffc4774958d7b70329	২০২৬ শিক্ষাবর্ষের সকল স্তরের পাঠ্যপুস্তক
/pages/static-pages/ebtedayi-level-assessment-guidelines-2026-ezczi2-69f6fbff671bb4a704bb0f16	ইবতেদায়ি স্তরের মূল্যায়ন নির্দেশিকা-২০২৬
/pages/static-pages/primary-and-secondary-level-teachers-guide-list-for-the-academic-year-2026-c7wlhh-69afb72b7ce407d4d4fdd16e	২০২৬ শিক্ষাবর্ষের শিক্ষক সহায়িকা
/pages/static-pages/teacher-training-manuals-for-5-indigenous-languages-mxqyf7-6a44d5067f5592e6266752ca	শিক্ষক প্রশিক্ষণ ম্যানুয়াল
/pages/tenders	টেন্ডার
/pages/tenders	টেন্ডার নোটিশ
/pages/web-forms/6922d3c481fc96cef9e9c017	সেবাগ্রহীতার মতামত/পরামর্শ ফর্ম
/site/officer_list/ad811fcf-dda0-487b-be24-6fd79e0d4eda	এনসিটিবি সম্পর্কে
/site/page/b543ab16-f60a-4e9f-a621-93b69b6c61cf	প্রাথমিক স্তরের মূল্যায়ন নির্দেশিকা
/views/info-officers	তথ্য প্রদানকারী কর্মকর্তা- 01712018691
/views/sitemap	সাইট-ম্যাপ
https://nctb.gov.bd/pages/static-pages/6988638a3121d2f262f0eab3	প্রাথমিক স্তরের মূল্যায়ন নির্দেশিকা - ২০২৬
